1,11/18/2005,Fred,Smith
2,5/25/2019,Ladawn  ,Leonore  
3,3/15/2018,Lorena  ,Cassandra  
4,11/29/2015,Corie  ,Pok  
5,10/3/2012,Vernita  ,Maryann  
6,1/26/2014,Bree  ,Raymond  
7,4/25/2012,Nannette  ,Beatris  
8,12/6/2000,Hyo  ,Kandi  
9,2/24/2008,Brendan  ,Josefina  
10,10/2/2002,Lannie  ,Ernest  
11,1/30/2018,Raven  ,Dick  
12,2/3/2010,Marleen  ,Mildred  
13,10/29/2007,Shawn  ,Leilani  
14,11/21/2020,Freida  ,Gretchen  
15,12/26/2004,Alfredia  ,Shon  
16,5/20/2010,Tiffany  ,Mitchell  
17,4/6/2010,Caryn  ,Bao  
18,10/31/2002,Jewel  ,Jodie  
19,5/28/2005,Cherie  ,Buster  
20,11/23/2019,Leisa  ,Asia  
21,10/29/2016,Elvis  ,Kathline  
22,7/21/2010,Eryn  ,Bertram  
23,6/21/2020,Marcel  ,Valencia  
24,6/12/2015,Bryce  ,Alysha  
25,10/2/2016,Tabetha  ,Kathrine  
26,3/18/2012,Natalia  ,Giselle  
27,10/26/2003,Irene  ,Juliette  
28,7/12/2008,Chang  ,Lona  
29,10/20/2014,Rosanna  ,Kenyetta  
30,5/3/2002,Roni  ,Phyllis  
31,7/20/2002,Cyrstal  ,Serita  
32,7/20/2020,Hildred  ,Shelia  
33,9/30/2019,Darline  ,Buddy  
34,8/2/2011,Inell  ,Joetta  
35,12/1/2008,Kit  ,Winford  
36,8/5/2008,Romaine  ,Albertina  
37,1/14/2006,Clifford  ,Fumiko  
38,2/18/2010,Genesis  ,Fredric  
39,3/27/2010,George  ,Vannessa  
40,4/4/2014,Guillermina  ,Jeremy  
41,9/1/2012,Libbie  ,Marna  
42,12/16/2004,Kati  ,Louis  
43,5/2/2020,Paul  ,Remona  
44,3/6/2013,Pattie  ,Adolfo  
45,11/9/2013,Valentin  ,Diane  
46,7/27/2001,Liana  ,Lowell  
47,7/14/2020,Jonathon  ,Ilse  
48,7/7/2008,Debbra  ,Ned  
49,7/29/2018,Madeline  ,Margaret  
50,12/7/2006,Alba  ,Eleonor  
51,4/12/2018,Sally  ,Todd  
52,6/7/2011,Leonore  ,Tiera  
53,1/5/2005,Cassandra  ,Eula  
54,9/13/2004,Pok  ,Paula  
55,2/7/2013,Maryann  ,Jacque  
56,5/24/2000,Raymond  ,Sacha  
57,12/22/2003,Beatris  ,Lakita  
58,10/14/2001,Kandi  ,Jerilyn  
59,10/24/2015,Josefina  ,Audrie  
60,8/20/2017,Ernest  ,Towanda  
61,10/18/2014,Dick  ,Alease  
62,7/20/2009,Mildred  ,Donetta  
63,6/14/2014,Leilani  ,Piper  
64,9/13/2020,Gretchen  ,Lisandra  
65,5/7/2013,Shon  ,Lamont  
66,11/11/2005,Mitchell  ,Maegan  
67,12/22/2005,Bao  ,Ophelia  
68,6/3/2008,Jodie  ,Kayleen  
69,10/21/2016,Buster  ,Waneta  
70,12/16/2018,Asia  ,Vi  
71,10/5/2008,Kathline  ,Penelope  
72,9/9/2018,Bertram  ,Eden  
73,10/14/2008,Valencia  ,Bobette  
74,6/25/2018,Alysha  ,Karan  
75,6/16/2019,Kathrine  ,Jonathon  
76,5/2/2003,Giselle  ,Joaquina  
77,12/25/2018,Juliette  ,Gail  
78,5/14/2018,Lona  ,Alejandro  
79,1/29/2006,Kenyetta  ,Corina  
80,1/11/2017,Phyllis  ,Elnora  
81,2/11/2008,Serita  ,Pete  
82,5/7/2006,Shelia  ,Ramona  
83,11/6/2008,Buddy  ,Ciera  
84,1/3/2016,Joetta  ,Andres  
85,5/23/2003,Winford  ,Candra  
86,10/26/2000,Albertina  ,Delois  
87,8/27/2012,Fumiko  ,Gaston  
88,3/27/2007,Fredric  ,Anja  
89,10/15/2015,Vannessa  ,Breann  
90,1/29/2002,Jeremy  ,Tamiko  
91,12/20/2008,Marna  ,Kelly  
92,4/7/2015,Louis  ,Cristine  
93,12/12/2004,Remona  ,Kelley  
94,4/7/2005,Adolfo  ,Mitsue  
95,11/8/2016,Diane  ,Lessie  
96,6/20/2002,Lowell  ,Iraida  
97,12/17/2007,Ilse  ,Charlena  
98,5/5/2018,Ned  ,Kurt  
99,5/17/2008,Margaret  ,Roxann  
100,11/5/2011,Eleonor  ,Pinkie  
101,8/23/2006,Todd  ,Shari
102,10/12/2009,Tiera  ,Frederick  
103,2/13/2016,Eula  ,Nellie  
104,11/29/2005,Paula  ,Audrea  
105,12/15/2004,Jacque  ,Viviana  
106,11/28/2020,Sacha  ,Elvia  
107,10/22/2018,Lakita  ,Caroll  
108,5/31/2013,Jerilyn  ,Verdie  
109,11/17/2012,Audrie  ,Shanda  
110,6/29/2006,Towanda  ,Rosanna  
111,9/30/2000,Alease  ,Phebe  
112,11/21/2016,Donetta  ,Collen  
113,11/25/2007,Piper  ,Sue  
114,5/24/2012,Lisandra  ,Soon  
115,5/13/2001,Lamont  ,Caridad  
116,10/4/2010,Maegan  ,Linda  
117,11/12/2020,Ophelia  ,Andria  
118,6/23/2008,Kayleen  ,Kiley  
119,7/28/2012,Waneta  ,Carla  
120,2/19/2006,Vi  ,Paige  
121,1/2/2003,Penelope  ,Cordia  
122,8/20/2007,Eden  ,Sherrell  
123,11/4/2016,Bobette  ,Seth  
124,6/26/2012,Karan  ,Adriane  
125,2/15/2010,Jonathon  ,Cordie  
126,8/3/2011,Joaquina  ,Shaquita  
127,8/26/2018,Gail  ,Francesca  
128,11/3/2011,Alejandro  ,Delma  
129,3/25/2007,Corina  ,Lilli  
130,10/12/2002,Elnora  ,Mattie  
131,11/28/2011,Pete  ,Lonna  
132,9/20/2006,Ramona  ,Latesha  
133,11/9/2020,Ciera  ,Deshawn  
134,10/13/2018,Andres  ,Christian  
135,2/13/2006,Candra  ,Gianna  
136,1/22/2019,Delois  ,Janette  
137,7/13/2010,Gaston  ,Thalia  
138,11/15/2017,Anja  ,Corinne  
139,5/31/2012,Breann  ,Jacinto  
140,9/27/2018,Tamiko  ,Scarlett  
141,3/18/2008,Kelly  ,Georgie  
142,12/8/2007,Cristine  ,Magdalena  
143,6/20/2011,Kelley  ,Reina  
144,3/21/2007,Mitsue  ,Regenia  
145,7/28/2012,Lessie  ,Joey  
146,7/25/2005,Iraida  ,Emmaline  
147,12/13/2011,Charlena  ,Shawnee  
148,11/19/2016,Kurt  ,Olin  
149,4/7/2004,Roxann  ,Leontine  
150,10/21/2008,Pinkie  ,Jutta  
151,10/12/2020,Shari,Arlette
