1,7/21/2010,Smith,Fred
2,6/21/2020,Leonore  ,Ladawn  
3,6/12/2015,Cassandra  ,Lorena  
4,10/2/2016,Pok  ,Corie  
5,3/18/2012,Maryann  ,Vernita  
6,10/26/2003,Raymond  ,Bree  
7,7/12/2008,Beatris  ,Nannette  
8,10/20/2014,Kandi  ,Hyo  
9,5/3/2002,Josefina  ,Brendan  
10,7/20/2002,Ernest  ,Lannie  
11,7/20/2020,Dick  ,Raven  
12,9/30/2019,Mildred  ,Marleen  
13,8/2/2011,Leilani  ,Shawn  
14,12/1/2008,Gretchen  ,Freida  
15,8/5/2008,Shon  ,Alfredia  
16,1/14/2006,Mitchell  ,Tiffany  
17,2/18/2010,Bao  ,Caryn  
18,3/27/2010,Jodie  ,Jewel  
19,4/4/2014,Buster  ,Cherie  
20,9/1/2012,Asia  ,Leisa  
21,12/16/2004,Kathline  ,Elvis  
22,5/2/2020,Bertram  ,Eryn  
23,3/6/2013,Valencia  ,Marcel  
24,11/9/2013,Alysha  ,Bryce  
25,7/27/2001,Kathrine  ,Tabetha  
26,7/14/2020,Giselle  ,Natalia  
27,7/7/2008,Juliette  ,Irene  
28,7/29/2018,Lona  ,Chang  
29,12/7/2006,Kenyetta  ,Rosanna  
30,4/12/2018,Phyllis  ,Roni  
31,6/7/2011,Serita  ,Cyrstal  
32,1/5/2005,Shelia  ,Hildred  
33,9/13/2004,Buddy  ,Darline  
34,2/7/2013,Joetta  ,Inell  
35,5/24/2000,Winford  ,Kit  
36,12/22/2003,Albertina  ,Romaine  
37,10/14/2001,Fumiko  ,Clifford  
38,10/24/2015,Fredric  ,Genesis  
39,8/20/2017,Vannessa  ,George  
40,10/18/2014,Jeremy  ,Guillermina  
41,7/20/2009,Marna  ,Libbie  
42,6/14/2014,Louis  ,Kati  
43,9/13/2020,Remona  ,Paul  
44,5/7/2013,Adolfo  ,Pattie  
45,11/11/2005,Diane  ,Valentin  
46,12/22/2005,Lowell  ,Liana  
47,6/3/2008,Ilse  ,Jonathon  
48,10/21/2016,Ned  ,Debbra  
49,12/16/2018,Margaret  ,Madeline  
50,10/5/2008,Eleonor  ,Alba  
51,9/9/2018,Todd  ,Sally  
52,10/14/2008,Tiera  ,Leonore  
53,6/25/2018,Eula  ,Cassandra  
54,6/16/2019,Paula  ,Pok  
55,5/2/2003,Jacque  ,Maryann  
56,12/25/2018,Sacha  ,Raymond  
57,5/14/2018,Lakita  ,Beatris  
58,1/29/2006,Jerilyn  ,Kandi  
59,1/11/2017,Audrie  ,Josefina  
60,2/11/2008,Towanda  ,Ernest  
61,5/7/2006,Alease  ,Dick  
62,11/6/2008,Donetta  ,Mildred  
63,1/3/2016,Piper  ,Leilani  
64,5/23/2003,Lisandra  ,Gretchen  
65,10/26/2000,Lamont  ,Shon  
66,8/27/2012,Maegan  ,Mitchell  
67,3/27/2007,Ophelia  ,Bao  
68,10/15/2015,Kayleen  ,Jodie  
69,1/29/2002,Waneta  ,Buster  
70,12/20/2008,Vi  ,Asia  
71,4/7/2015,Penelope  ,Kathline  
72,12/12/2004,Eden  ,Bertram  
73,4/7/2005,Bobette  ,Valencia  
74,11/8/2016,Karan  ,Alysha  
75,6/20/2002,Jonathon  ,Kathrine  
76,12/17/2007,Joaquina  ,Giselle  
77,5/5/2018,Gail  ,Juliette  
78,5/17/2008,Alejandro  ,Lona  
79,11/5/2011,Corina  ,Kenyetta  
80,8/23/2006,Elnora  ,Phyllis  
81,10/12/2009,Pete  ,Serita  
82,2/13/2016,Ramona  ,Shelia  
83,11/29/2005,Ciera  ,Buddy  
84,12/15/2004,Andres  ,Joetta  
85,11/28/2020,Candra  ,Winford  
86,10/22/2018,Delois  ,Albertina  
87,5/31/2013,Gaston  ,Fumiko  
88,11/17/2012,Anja  ,Fredric  
89,6/29/2006,Breann  ,Vannessa  
90,9/30/2000,Tamiko  ,Jeremy  
91,11/21/2016,Kelly  ,Marna  
92,11/25/2007,Cristine  ,Louis  
93,5/24/2012,Kelley  ,Remona  
94,5/13/2001,Mitsue  ,Adolfo  
95,10/4/2010,Lessie  ,Diane  
96,11/12/2020,Iraida  ,Lowell  
97,6/23/2008,Charlena  ,Ilse  
98,7/28/2012,Kurt  ,Ned  
99,2/19/2006,Roxann  ,Margaret  
100,1/2/2003,Pinkie  ,Eleonor  
101,8/20/2007,Shari,Todd  
102,11/4/2016,Frederick  ,Tiera  
103,6/26/2012,Nellie  ,Eula  
104,2/15/2010,Audrea  ,Paula  
105,8/3/2011,Viviana  ,Jacque  
106,8/26/2018,Elvia  ,Sacha  
107,11/3/2011,Caroll  ,Lakita  
108,3/25/2007,Verdie  ,Jerilyn  
109,10/12/2002,Shanda  ,Audrie  
110,11/28/2011,Rosanna  ,Towanda  
111,9/20/2006,Phebe  ,Alease  
112,11/9/2020,Collen  ,Donetta  
113,10/13/2018,Sue  ,Piper  
114,2/13/2006,Soon  ,Lisandra  
115,1/22/2019,Caridad  ,Lamont  
116,7/13/2010,Linda  ,Maegan  
117,11/15/2017,Andria  ,Ophelia  
118,5/31/2012,Kiley  ,Kayleen  
119,9/27/2018,Carla  ,Waneta  
120,3/18/2008,Paige  ,Vi  
121,12/8/2007,Cordia  ,Penelope  
122,6/20/2011,Sherrell  ,Eden  
123,3/21/2007,Seth  ,Bobette  
124,7/28/2012,Adriane  ,Karan  
125,7/25/2005,Cordie  ,Jonathon  
126,12/13/2011,Shaquita  ,Joaquina  
127,11/19/2016,Francesca  ,Gail  
128,4/7/2004,Delma  ,Alejandro  
129,10/21/2008,Lilli  ,Corina  
130,10/12/2020,Mattie  ,Elnora  
131,11/18/2005,Lonna  ,Pete  
132,5/25/2019,Latesha  ,Ramona  
133,3/15/2018,Deshawn  ,Ciera  
134,11/29/2015,Christian  ,Andres  
135,10/3/2012,Gianna  ,Candra  
136,1/26/2014,Janette  ,Delois  
137,4/25/2012,Thalia  ,Gaston  
138,12/6/2000,Corinne  ,Anja  
139,2/24/2008,Jacinto  ,Breann  
140,10/2/2002,Scarlett  ,Tamiko  
141,1/30/2018,Georgie  ,Kelly  
142,2/3/2010,Magdalena  ,Cristine  
143,10/29/2007,Reina  ,Kelley  
144,11/21/2020,Regenia  ,Mitsue  
145,12/26/2004,Joey  ,Lessie  
146,5/20/2010,Emmaline  ,Iraida  
147,4/6/2010,Shawnee  ,Charlena  
148,10/31/2002,Olin  ,Kurt  
149,5/28/2005,Leontine  ,Roxann  
150,11/23/2019,Jutta  ,Pinkie  
151,10/29/2016,Arlette,Shari
